id,f_b,odometer,game_time,high_speed_running,acc_efforts_3,total_accel_load,att_rucks_hit
SZTLXMD,Forward,4401.02,55,85.23,4,1355.33,17
PLGGGQE,Forward,7322.77,75,375.49,13,2256.87,18
GGDXOLH,Forward,795.59,3,132.68,2,231.65,0
PUINRUW,Forward,6652.39,80,420.55,17,2217.25,23
RMBPISX,Forward,4074.43,53,144.48,8,1458.98,12
AURYDCY,Back,5781.2,80,521.88,21,1740.91,5
SZTLXMD,Forward,3659.58,54,149,4,1192.66,18
AYORETW,Forward,5748.52,80,452.56,25,2055.69,21
TVRZJIB,Forward,3462.65,30,0,2,1028.39,21
ETQBCJH,Forward,2914.83,30,149,3,731.55,9
MCHPZKH,Back,7601.69,80,1053.08,27,2568.94,11
AURYDCY,Back,6371.84,75,279.48,11,1940.77,5
DEFUHXZ,Back,6647.04,80,829.89,25,2095.32,2
SMWSGNX,Forward,5702.27,80,155.96,8,1884.02,28
BVULURV,Forward,4173.91,59,399.49,15,1450.55,11
OBPCGCM,Back,6548.72,72,652.72,25,2022.71,2
SYYFQJM,Forward,4761.47,67,73.42,4,1337.74,10
VGEDYZM,Forward,1931.64,25,123.4,2,681.88,10
AHRFGEN,Forward,4167.57,57,257.56,5,1351.62,16
SJZDAPB,Back,5626.83,60,464.83,22,1931.43,10
AYORETW,Forward,2452.82,28,217.49,10,818.65,12
AHRFGEN,Forward,7083.46,80,334.54,11,2133.15,17
EGWTSYC,Back,3515.76,40,368.96,15,1192.66,0
DEFUHXZ,Back,6830.77,80,581.46,19,2232.94,5
GTRUQWY,Back,4664.99,52,514.61,13,1458.98,5
MHKTFBW,Forward,2219.21,26,69.04,2,735.33,18
JJMNQSB,Forward,2067.67,25,228.94,8,795.98,9
NUWHRPG,Forward,7175.15,80,314.27,12,2204.35,25
AURYDCY,Back,982.19,8,174.79,16,326.22,2
ZUYHYID,Forward,5732.38,72,89.98,6,1884.02,28
SMWSGNX,Forward,5702.27,80,190.54,2,1831.45,26
BVULURV,Forward,4648.7,70,290.91,5,1458.98,12
SMWSGNX,Forward,2376.76,28,75.65,4,749.05,10
SMWSGNX,Forward,4094.89,59,75.65,4,1302.35,24
SMWSGNX,Forward,5702.27,80,114.9,7,1911.02,25
BOJDBVY,Back,4899.57,52,619.66,7,1735.17,3
PHGASBO,Back,6459.33,71,801.61,19,1662.37,9
MCHPZKH,Back,7601.69,80,1194.87,33,2486.14,15
AYORETW,Forward,5290.09,76,544.14,29,1658.6,19
OIPGSUM,Forward,5657.15,60,89.98,8,1911.02,19
MSUGKTX,Back,4167.57,52,619.66,20,1495.02,3
AURYDCY,Back,5668.58,75,547.49,14,1854.23,5
PDAYGVM,Back,4486.01,52,572.7,25,1302.35,6
VGEDYZM,Forward,2061.7,24,94.18,2,704.82,17
MCHPZKH,Back,3249.5,10,382.39,25,1003.13,5
TQUJTZE,Back,1989.61,20,239.99,12,684.27,0
EGWTSYC,Back,4904.57,67,692.95,28,1563.88,8
BVULURV,Forward,6258.59,80,347.17,14,1740.91,19
MCHPZKH,Back,1601.53,13,178.59,8,384.25,2
EGWTSYC,Back,7827.9,80,924.15,27,2255.39,6
ZTYAIQB,Back,7551.91,80,589.77,11,2080.65,7
ZTYAIQB,Back,1481.58,16,217.49,3,509.35,0
SZTLXMD,Forward,4334.15,54,97.64,4,1251.57,11
AYORETW,Forward,5748.52,80,439.24,24,1932.36,21
GGDXOLH,Forward,3462.65,20,359.27,12,1192.66,7
PLGGGQE,Forward,6195.67,80,194.31,6,2084.43,33
GGDXOLH,Forward,795.59,8,190,10,259.54,1
HTSZLEH,Forward,4776.57,67,171.89,3,1432.29,15
EGWTSYC,Back,5366.94,70,769.91,30,1835.57,6
BVULURV,Forward,6417.05,80,313.99,12,1900.14,19
TQUJTZE,Back,2891.85,32,73.07,5,1003.13,0
MHKTFBW,Forward,825.77,8,69.04,1,325.57,2
BVULURV,Forward,5196.77,59,255.08,12,1563.88,17
TVRZJIB,Forward,6299.49,80,147.22,3,1932.36,27
MSUGKTX,Back,5679.94,80,279.48,6,1835.57,3
PLGGGQE,Forward,6273.7,80,334.54,10,2053.03,20
EGWTSYC,Back,5350.04,59,659.65,14,1831.45,7
MCHPZKH,Back,6877.61,80,1194.87,24,2162.68,8
SZTLXMD,Forward,1719.39,24,83.44,7,485.03,17
ZTYAIQB,Back,6923.97,80,589.77,8,1952.66,5
NUWHRPG,Forward,6695.73,80,314.27,15,2113.42,24
SJZDAPB,Back,1917.39,27,96.04,1,707.16,0
JMWPVEN,Forward,5343.15,59,226.39,6,1803.51,11
RMBPISX,Forward,5149.28,63,223.27,7,1729.07,27
JTSZXFZ,Back,1481.58,17,105.54,3,485.03,1
SZTLXMD,Forward,5206.61,63,183.27,6,1803.51,12
AYORETW,Forward,5646.75,80,515.74,18,2111.23,21
OIPGSUM,Forward,5909.98,70,128.79,4,1831.45,14
JTSZXFZ,Back,836.22,8,64.13,4,304.35,0
TQUJTZE,Back,6085.84,67,427.67,25,2055.7,5
SYYFQJM,Forward,5161.58,70,113.22,7,1735.17,17
HTSZLEH,Forward,951.16,9,31.94,2,259.08,2
SJZDAPB,Back,6085.84,67,464.83,22,2102.51,8
JMWPVEN,Forward,5343.15,70,190.54,20,1559.1,15
ZUYHYID,Forward,2914.83,40,76.94,2,924.05,17
HTSZLEH,Forward,4776.57,63,89.98,1,1360.96,8
ETQBCJH,Forward,6417.05,71,366.11,6,1940.77,25
SZTLXMD,Forward,4334.15,52,0,5,1351.62,17
BVULURV,Forward,5401.94,70,290.91,4,1740.91,17
NUWHRPG,Forward,7175.15,80,334.54,13,2141.06,19
HTSZLEH,Forward,340.36,9,12.31,1,88.49,1
MCHPZKH,Back,7519.89,80,924.15,35,2316.1,12
SJZDAPB,Back,4184.24,54,272.52,6,1416.11,3
DEFUHXZ,Back,5210.56,70,514.61,19,1665.19,2
JJMNQSB,Forward,2067.67,26,111.87,2,783.99,10
TVRZJIB,Forward,301.72,0,103.85,4,181.19,10
SMWSGNX,Forward,2376.76,28,189.63,7,703.46,17
PDAYGVM,Back,4486.01,52,514.61,12,1306.69,15
SJZDAPB,Back,6085.84,71,717.06,8,2134.82,10
NUWHRPG,Forward,6531.31,80,194.31,13,2229.57,25
RYQSVSY,Forward,929.33,8,580.5,20,297.19,2
PLGGGQE,Forward,6348.63,80,375.49,13,2163.73,29
DEFUHXZ,Back,6830.77,80,661.9,19,2162.68,1
VGEDYZM,Forward,929.33,9,31.94,0,304.35,8
PDAYGVM,Back,2149.29,23,174.79,11,795.98,2
PLGGGQE,Forward,6348.63,80,382.24,24,2163.73,29
PSEJLWN,Back,7209.53,80,1194.87,43,2268.98,8
BVULURV,Forward,6417.05,80,206.21,5,2033.69,25
PUINRUW,Forward,6531,80,206.21,9,2229.57,24
MHKTFBW,Forward,3589.01,50,52.34,3,1166.84,9
EGWTSYC,Back,7827.9,80,1006.35,34,2255.39,9
HTSZLEH,Forward,706.49,5,45.76,1,230.28,1
SZTLXMD,Forward,5206.61,55,183.27,6,1729.89,18
GTRUQWY,Back,6459.33,80,452.56,25,1940.77,7
BVULURV,Forward,5401.94,70,359.27,15,1847.56,21
GTRUQWY,Back,5561.29,80,546.4,16,1847.56,8
OIPGSUM,Forward,5748.52,70,171.89,4,1835.57,21
JTSZXFZ,Back,836.22,8,304.41,4,289.57,0
JMWPVEN,Forward,5361.67,67,366.11,20,1835.57,21
MCHPZKH,Back,916.4,10,217.49,3,297.19,5
SZTLXMD,Forward,3659.58,54,83.44,4,1209.34,17
VGEDYZM,Forward,2061.7,28,52.34,1,707.16,10
GTRUQWY,Back,4664.99,52,544.14,19,1521.76,10
PLGGGQE,Forward,6273.7,80,270.35,7,2084.43,26
JNUUUWQ,Back,1392.11,13,176.69,7,433.98,1
TQUJTZE,Back,2891.85,10,40.24,5,1003.13,1
SMWSGNX,Forward,4094.89,59,189.63,8,1355.33,17
BVULURV,Forward,5196.77,77,290.91,13,1735.17,15
RYQSVSY,Forward,929.33,8,61.32,8,297.19,2
DEFUHXZ,Back,2880.96,0,382.39,18,731.55,2
TQUJTZE,Back,1917.39,10,132.68,6,630.71,0
RYQSVSY,Forward,4897.87,59,147.22,5,1729.89,18
BVULURV,Forward,4173.91,55,273.28,14,1521.76,15
NUWHRPG,Forward,5561.29,75,144.48,3,1847.05,29
RMBPISX,Forward,1512.64,13,49.5,6,478.8,0
JTSZXFZ,Back,7467.64,80,924.15,20,2316.1,2
HTSZLEH,Forward,706.49,9,41.78,1,259.08,1
GTRUQWY,Back,6323.91,80,516.39,17,2033.69,7
RMBPISX,Forward,2361.12,24,190,10,707.16,1
EGWTSYC,Back,3515.76,42,426.69,23,1258.83,1
TQXARYT,Forward,1114.26,17,76.94,2,384.25,8
MHKTFBW,Forward,2725.45,27,31.02,1,924.05,15
PSEJLWN,Back,6954.18,80,924.15,29,2231.01,9
GGDXOLH,Forward,494.63,6,49.5,1,98.77,3
PDAYGVM,Back,4761.47,50,544.14,24,1351.62,8
BOJDBVY,Back,5343.15,63,514.61,12,1563.88,5
SJZDAPB,Back,6085.84,71,427.67,19,2105.51,15
BVULURV,Forward,4648.7,70,499.24,8,1360.96,11
NUWHRPG,Forward,5812.56,80,237.3,12,2134.82,33
OBPCGCM,Back,7036.07,80,823.64,33,2069.36,0
PSEJLWN,Back,6793.48,80,1006.35,31,2095.32,9
BOJDBVY,Back,5541.59,71,521.88,10,1827.13,3
TQUJTZE,Back,2891.85,5,160.06,5,731.55,0
AYORETW,Forward,5748.52,80,515.74,24,1982.23,17
PLGGGQE,Forward,6348.63,80,270.35,6,2053.03,37
PHGASBO,Back,6917.15,80,540.78,19,1952.66,6
PDAYGVM,Back,2361.12,20,105.54,3,795.98,1
SZTLXMD,Forward,5206.61,63,155.96,8,1729.07,17
AYORETW,Forward,5646.75,80,515.74,24,1847.05,19
ZTYAIQB,Back,8143.71,80,604.75,9,2080.65,8
RMBPISX,Forward,2361.12,21,49.5,5,681.88,1
PUINRUW,Forward,6652.39,80,239.25,9,2259.58,26
BVULURV,Forward,6725.41,80,351.48,14,2069.36,19
AYORETW,Forward,6628.07,80,691.54,18,2095.32,20
HTSZLEH,Forward,951.16,6,31.02,0,231.65,2
MCHPZKH,Back,6086.34,80,715.26,31,2015.27,11
LMJTKDV,Back,6084.74,72,749.36,25,1835.57,6
DEFUHXZ,Back,6531,80,581.46,24,2130.03,5
RMBPISX,Forward,4246.73,55,329.58,10,1421.41,12
PHGASBO,Back,6476.19,80,769.91,10,1714.6,5
GGDXOLH,Forward,4634.48,71,176,8,1355.33,12
JTSZXFZ,Back,7943.6,80,924.15,24,2568.94,0
OBPCGCM,Back,6117.9,72,769.91,25,1854.23,2
PLGGGQE,Forward,5896.18,75,249.48,8,2083.21,33
SMWSGNX,Forward,1585.16,13,149,3,509.35,3
VGEDYZM,Forward,2212.81,27,52.34,3,698.92,11
GGDXOLH,Forward,3462.65,10,273.28,8,1192.66,1
SMWSGNX,Forward,1946.77,28,85.23,2,698.92,17
AURYDCY,Back,7186.96,80,540.78,22,2039.33,12
AURYDCY,Back,7186.96,68,751.3,22,2116.73,12
MCHPZKH,Back,3249.5,20,368.96,10,818.65,0
GGDXOLH,Forward,6998.16,80,313.99,8,2074.3,26
BVULURV,Forward,6725.41,80,347.17,16,2074.3,19
TQUJTZE,Back,785.13,4,160.06,5,242.43,1
AYORETW,Forward,5748.52,80,695.72,25,2060.71,21
BVULURV,Forward,6725.41,80,239.25,4,2204.35,24
GGDXOLH,Forward,494.63,0,190,8,178.9,3
RYQSVSY,Forward,1838.41,23,142.97,2,592.67,17
OBPCGCM,Back,6647.04,80,540.78,25,2069.36,5
GTRUQWY,Back,5812.56,80,515.74,12,1854.23,5
AURYDCY,Back,5668.58,80,452.56,17,1740.91,7
EGWTSYC,Back,7670.95,80,1088.53,31,2255.39,7
GTRUQWY,Back,5468.76,80,483.69,17,1740.91,12
BVULURV,Forward,6725.41,80,347.17,12,2204.35,26
EGWTSYC,Back,5366.94,56,659.65,16,1831.45,8
JMWPVEN,Forward,5541.59,80,189.09,18,1911.02,17
MCHPZKH,Back,1601.53,13,178.59,7,374.99,0
DEFUHXZ,Back,2880.96,20,486.74,22,827.52,0
AHRFGEN,Forward,1194.01,17,45.1,4,399.49,7
ETQBCJH,Forward,4658.78,67,189.09,8,1302.35,9
RMBPISX,Forward,3965.96,53,234.59,11,1473.58,9
OBPCGCM,Back,2880.96,30,486.74,21,731.55,0
ETQBCJH,Forward,4658.78,70,190.54,4,1302.35,9
JTSZXFZ,Back,8143.71,80,952.77,18,2521.42,2
DEFUHXZ,Back,5974.61,80,452.56,19,2229.57,4
